{
    "buttons": [
        {
            "key": 2006,
            "label": 2006
        },
        {
            "key": 2007,
            "label": 2007
        },
        {
            "key": 2008,
            "label": 2008
        },
        {
            "key": 2009,
            "label": 2009
        },
        {
            "key": 2010,
            "label": 2010
        },
        {
            "key": 2011,
            "label": 2011
        },
        {
            "key": 2012,
            "label": 2012
        },
        {
            "key": 2013,
            "label": 2013
        },
        {
            "key": 2014,
            "label": 2014
        },
        {
            "key": 2015,
            "label": 2015
        },
        {
            "key": 2016,
            "label": 2016
        },
        {
            "key": 2017,
            "label": 2017
        },
        {
            "key": 2018,
            "label": 2018
        },
        {
            "key": 2019,
            "label": 2019
        }

    ],
    "successlaunch": [
        {
            "key" : "true",
            "label": "True"
        },
        {
            "key" : "false",
            "label": "False"
        }
    ],
    "successlanding": [
        {
            "key" : "successlandingtrue",
            "label": "True"
        },
        {
            "key" : "successlandingfalse",
            "label": "False"
        }
    ]
}